model_slug,model_name,source_page_type,source_variant_label,mileage_band_label,mileage_min_km,mileage_max_km,sample_count,price_min,price_max,price_avg,price_median,price_common_min,price_common_max,high_price,high_price_case,high_price_year,high_price_grade,high_price_mileage,high_price_prefecture,price_unit
nissan-note,ノート,root,root,0万km,0,0,5,141.2,160.0,148.7,148.7,141.2,152.3,160.0,2024年式 / 1.2 X / 0万km / 愛媛県,2024年式,1.2 X,0万km,愛媛県,manen
nissan-note,ノート,root,root,"1,000km",1000,1000,1,10.4,10.4,10.4,10.4,10.4,10.4,10.4,"2013年式 / 1.2 メダリスト / 1,000km / 岡山県",2013年式,1.2 メダリスト,"1,000km",岡山県,manen
nissan-note,ノート,root,root,"2,000km",2000,2000,2,151.6,160.0,155.8,155.8,151.6,160.0,160.0,"2025年式 / 1.2 X / 2,000km / 福島県",2025年式,1.2 X,"2,000km",福島県,manen
nissan-note,ノート,root,root,"3,000km",3000,3000,1,129.4,129.4,129.4,129.4,129.4,129.4,129.4,"2023年式 / 1.2 X / 3,000km / 静岡県",2023年式,1.2 X,"3,000km",静岡県,manen
nissan-note,ノート,root,root,"4,000km",4000,4000,2,89.5,97.5,93.5,93.5,89.5,97.5,97.5,"2020年式 / 1.2 e-POWER X / 4,000km / 福井県",2020年式,1.2 e-POWER X,"4,000km",福井県,manen
nissan-note,ノート,root,root,"5,000km",5000,5000,4,17.4,160.0,107.6,126.5,119.5,133.4,160.0,"2022年式 / 1.2 X / 5,000km / 愛媛県",2022年式,1.2 X,"5,000km",愛媛県,manen
nissan-note,ノート,root,root,"6,000km",6000,6000,10,5.0,161.3,86.6,100.5,36.9,145.3,161.3,"2023年式 / 1.2 X FOUR 4WD / 6,000km / 新潟県",2023年式,1.2 X FOUR 4WD,"6,000km",新潟県,manen
nissan-note,ノート,root,root,"7,000km",7000,7000,2,64.5,144.0,104.2,104.2,64.5,144.0,144.0,"2023年式 / 1.2 S / 7,000km / 徳島県",2023年式,1.2 S,"7,000km",徳島県,manen
nissan-note,ノート,root,root,"8,000km",8000,8000,6,26.5,148.5,58.9,43.5,26.5,65.1,148.5,"2024年式 / 1.2 X / 8,000km / 兵庫県",2024年式,1.2 X,"8,000km",兵庫県,manen
nissan-note,ノート,root,root,"9,000km",9000,9000,3,81.9,139.1,118.0,133.0,81.9,139.1,139.1,"2025年式 / 1.2 X / 9,000km / 新潟県",2025年式,1.2 X,"9,000km",新潟県,manen
nissan-note,ノート,root,root,"11,000km",11000,11000,9,43.0,154.4,101.1,109.7,76.6,114.0,154.4,"2023年式 / 1.2 X / 11,000km / 福岡県",2023年式,1.2 X,"11,000km",福岡県,manen
nissan-note,ノート,root,root,"12,000km",12000,12000,6,37.9,157.5,125.6,144.4,116.0,153.4,157.5,"2023年式 / 1.2 X / 12,000km / 高知県",2023年式,1.2 X,"12,000km",高知県,manen
nissan-note,ノート,root,root,"13,000km",13000,13000,10,23.2,145.7,78.2,62.3,40.0,130.0,145.7,"2024年式 / 1.2 X / 13,000km / 香川県",2024年式,1.2 X,"13,000km",香川県,manen
nissan-note,ノート,root,root,"14,000km",14000,14000,6,56.5,153.7,110.0,124.2,66.2,135.0,153.7,"2024年式 / 1.2 X / 14,000km / 富山県",2024年式,1.2 X,"14,000km",富山県,manen
nissan-note,ノート,root,root,"15,000km",15000,15000,2,41.8,50.5,46.1,46.1,41.8,50.5,50.5,"2018年式 / 1.2 X DIG-S / 15,000km / 東京都",2018年式,1.2 X DIG-S,"15,000km",東京都,manen
nissan-note,ノート,root,root,"16,000km",16000,16000,2,10.1,137.5,73.8,73.8,10.1,137.5,137.5,"2023年式 / 1.2 X FOUR 4WD / 16,000km / 千葉県",2023年式,1.2 X FOUR 4WD,"16,000km",千葉県,manen
nissan-note,ノート,root,root,"17,000km",17000,17000,11,5.0,152.5,113.6,128.0,93.3,136.5,152.5,"2023年式 / 1.2 X / 17,000km / 福岡県",2023年式,1.2 X,"17,000km",福岡県,manen
nissan-note,ノート,root,root,"18,000km",18000,18000,8,5.8,128.5,63.5,57.1,37.2,82.0,128.5,"2022年式 / 1.2 X / 18,000km / 滋賀県",2022年式,1.2 X,"18,000km",滋賀県,manen
nissan-note,ノート,root,root,"19,000km",19000,19000,12,29.5,150.5,80.7,74.5,59.5,80.1,150.5,"2023年式 / 1.2 X / 19,000km / 大分県",2023年式,1.2 X,"19,000km",大分県,manen
nissan-note,ノート,root,root,2万km,20000,20000,5,8.9,145.5,74.0,64.3,21.0,130.5,145.5,2019年式 / 1.6 16RZ / 2万km / 佐賀県,2019年式,1.6 16RZ,2万km,佐賀県,manen
nissan-note,ノート,root,root,"21,000km",21000,21000,9,5.0,145.3,72.6,65.9,40.5,118.7,145.3,"2022年式 / 1.2 X / 21,000km / 岡山県",2022年式,1.2 X,"21,000km",岡山県,manen
nissan-note,ノート,root,root,"22,000km",22000,22000,5,5.7,104.2,56.7,42.5,27.1,104.2,104.2,"2021年式 / 1.2 X / 22,000km / 千葉県",2021年式,1.2 X,"22,000km",千葉県,manen
nissan-note,ノート,root,root,"23,000km",23000,23000,8,23.9,125.5,74.2,70.2,56.4,84.3,125.5,"2023年式 / 1.2 S / 23,000km / 長崎県",2023年式,1.2 S,"23,000km",長崎県,manen
nissan-note,ノート,root,root,"24,000km",24000,24000,7,28.3,124.8,69.9,72.8,35.3,79.4,124.8,"2022年式 / 1.2 X / 24,000km / 岐阜県",2022年式,1.2 X,"24,000km",岐阜県,manen
nissan-note,ノート,root,root,"25,000km",25000,25000,8,5.0,152.0,62.1,56.4,36.4,75.0,152.0,"2022年式 / 1.2 AUTECH クロスオーバー / 25,000km / 愛媛県",2022年式,1.2 AUTECH クロスオーバー,"25,000km",愛媛県,manen
nissan-note,ノート,root,root,"26,000km",26000,26000,8,19.2,149.0,78.4,84.2,48.0,86.5,149.0,"2024年式 / 1.2 X / 26,000km / 高知県",2024年式,1.2 X,"26,000km",高知県,manen
nissan-note,ノート,root,root,"27,000km",27000,27000,16,5.0,124.0,75.0,80.7,30.9,113.5,124.0,"2021年式 / 1.2 S FOUR 4WD / 27,000km / 鹿児島県",2021年式,1.2 S FOUR 4WD,"27,000km",鹿児島県,manen
nissan-note,ノート,root,root,"28,000km",28000,28000,10,22.7,99.8,50.3,38.1,24.6,82.8,99.8,"2021年式 / 1.2 X FOUR 4WD / 28,000km / 新潟県",2021年式,1.2 X FOUR 4WD,"28,000km",新潟県,manen
nissan-note,ノート,root,root,"29,000km",29000,29000,18,5.0,146.0,60.6,52.9,34.9,82.6,146.0,"2023年式 / 1.2 X / 29,000km / 岐阜県",2023年式,1.2 X,"29,000km",岐阜県,manen
nissan-note,ノート,root,root,3万km,30000,30000,19,5.0,147.7,70.6,52.9,29.0,103.0,147.7,2021年式 / 1.2 X / 3万km / 千葉県,2021年式,1.2 X,3万km,千葉県,manen
nissan-note,ノート,root,root,"31,000km",31000,31000,14,5.0,145.6,65.2,43.6,26.0,109.2,145.6,"2022年式 / 1.2 X / 31,000km / 石川県",2022年式,1.2 X,"31,000km",石川県,manen
nissan-note,ノート,root,root,"32,000km",32000,32000,12,37.6,151.0,87.5,81.0,63.4,109.6,151.0,"2019年式 / 1.6 NISMO S / 32,000km / 神奈川県",2019年式,1.6 NISMO S,"32,000km",神奈川県,manen
nissan-note,ノート,root,root,"33,000km",33000,33000,14,5.0,115.5,42.1,35.5,16.5,60.5,115.5,"2020年式 / 1.2 e-POWER X FOUR Vセレクション 4WD / 33,000km / 青森県",2020年式,1.2 e-POWER X FOUR Vセレクション 4WD,"33,000km",青森県,manen
nissan-note,ノート,root,root,"34,000km",34000,34000,11,5.0,144.0,74.1,62.7,45.5,115.0,144.0,"2021年式 / 1.2 AUTECH / 34,000km / 京都府",2021年式,1.2 AUTECH,"34,000km",京都府,manen
nissan-note,ノート,root,root,"35,000km",35000,35000,15,8.4,155.0,68.7,39.6,30.4,124.7,155.0,"2019年式 / 1.6 NISMO S / 35,000km / 茨城県",2019年式,1.6 NISMO S,"35,000km",茨城県,manen
nissan-note,ノート,root,root,"36,000km",36000,36000,15,5.0,132.2,52.6,42.6,31.3,69.0,132.2,"2022年式 / 1.2 X / 36,000km / 佐賀県",2022年式,1.2 X,"36,000km",佐賀県,manen
nissan-note,ノート,root,root,"37,000km",37000,37000,14,5.0,123.7,63.1,54.9,29.5,89.2,123.7,"2020年式 / 1.2 e-POWER NISMO S / 37,000km / 福岡県",2020年式,1.2 e-POWER NISMO S,"37,000km",福岡県,manen
nissan-note,ノート,root,root,"38,000km",38000,38000,7,19.2,106.0,47.6,48.8,23.9,55.4,106.0,"2021年式 / 1.2 X FOUR 4WD / 38,000km / 千葉県",2021年式,1.2 X FOUR 4WD,"38,000km",千葉県,manen
nissan-note,ノート,root,root,"39,000km",39000,39000,7,8.4,147.3,67.1,59.8,21.7,98.3,147.3,"2021年式 / 1.2 X / 39,000km / 岡山県",2021年式,1.2 X,"39,000km",岡山県,manen
nissan-note,ノート,root,root,4万km,40000,40000,5,14.6,112.7,57.6,60.3,30.9,69.5,112.7,2022年式 / 1.2 X / 4万km / 高知県,2022年式,1.2 X,4万km,高知県,manen
nissan-note,ノート,root,root,"41,000km",41000,41000,10,5.0,87.8,42.3,40.8,27.0,60.9,87.8,"2016年式 / 1.2 NISMO / 41,000km / 千葉県",2016年式,1.2 NISMO,"41,000km",千葉県,manen
nissan-note,ノート,root,root,"42,000km",42000,42000,10,5.0,126.9,76.0,83.0,38.3,101.1,126.9,"2021年式 / 1.2 AUTECH / 42,000km / 山梨県",2021年式,1.2 AUTECH,"42,000km",山梨県,manen
nissan-note,ノート,root,root,"43,000km",43000,43000,10,12.2,134.6,78.4,72.0,51.6,111.0,134.6,"2021年式 / 1.2 X / 43,000km / 茨城県",2021年式,1.2 X,"43,000km",茨城県,manen
nissan-note,ノート,root,root,"44,000km",44000,44000,9,5.0,136.5,65.3,59.2,34.3,121.0,136.5,"2022年式 / 1.2 e-POWER X / 44,000km / 岐阜県",2022年式,1.2 e-POWER X,"44,000km",岐阜県,manen
nissan-note,ノート,root,root,"45,000km",45000,45000,5,5.0,134.1,55.0,38.5,5.0,92.3,134.1,"2021年式 / 1.2 X / 45,000km / 千葉県",2021年式,1.2 X,"45,000km",千葉県,manen
nissan-note,ノート,root,root,"46,000km",46000,46000,11,22.9,119.3,60.9,55.7,28.0,92.5,119.3,"2021年式 / 1.2 X / 46,000km / 青森県",2021年式,1.2 X,"46,000km",青森県,manen
nissan-note,ノート,root,root,"47,000km",47000,47000,7,5.0,89.1,49.7,48.9,48.9,53.5,89.1,"2019年式 / 1.2 e-POWER X FOUR 4WD / 47,000km / 滋賀県",2019年式,1.2 e-POWER X FOUR 4WD,"47,000km",滋賀県,manen
nissan-note,ノート,root,root,"48,000km",48000,48000,11,5.0,116.2,56.9,46.0,28.6,114.0,116.2,"2022年式 / 1.2 X / 48,000km / 青森県",2022年式,1.2 X,"48,000km",青森県,manen
nissan-note,ノート,root,root,"49,000km",49000,49000,13,3.8,130.5,55.4,56.8,25.0,85.4,130.5,"2021年式 / 1.2 AUTECH / 49,000km / 熊本県",2021年式,1.2 AUTECH,"49,000km",熊本県,manen
nissan-note,ノート,root,root,5万km,50000,50000,4,5.0,101.4,60.5,67.8,38.4,97.3,101.4,2021年式 / 1.2 S / 5万km / 愛知県,2021年式,1.2 S,5万km,愛知県,manen
nissan-note,ノート,root,root,"51,000km",51000,51000,10,5.0,112.1,42.2,36.0,5.0,70.1,112.1,"2021年式 / 1.2 S / 51,000km / 佐賀県",2021年式,1.2 S,"51,000km",佐賀県,manen
nissan-note,ノート,root,root,"52,000km",52000,52000,9,5.0,107.9,55.2,49.1,34.0,76.0,107.9,"2021年式 / 1.2 X / 52,000km / 大阪府",2021年式,1.2 X,"52,000km",大阪府,manen
nissan-note,ノート,root,root,"53,000km",53000,53000,19,24.0,119.7,54.0,43.5,39.7,56.9,119.7,"2021年式 / 1.2 X / 53,000km / 大分県",2021年式,1.2 X,"53,000km",大分県,manen
nissan-note,ノート,root,root,"54,000km",54000,54000,14,5.0,118.0,53.5,37.4,6.9,116.3,118.0,"2022年式 / 1.2 X / 54,000km / 鹿児島県",2022年式,1.2 X,"54,000km",鹿児島県,manen
nissan-note,ノート,root,root,"55,000km",55000,55000,19,5.5,113.6,43.9,33.4,28.0,61.3,113.6,"2022年式 / 1.2 e-POWER X / 55,000km / 静岡県",2022年式,1.2 e-POWER X,"55,000km",静岡県,manen
nissan-note,ノート,root,root,"56,000km",56000,56000,6,5.0,114.5,69.8,69.2,46.3,114.5,114.5,"2018年式 / 1.6 NISMO S / 56,000km / 東京都",2018年式,1.6 NISMO S,"56,000km",東京都,manen
nissan-note,ノート,root,root,"57,000km",57000,57000,16,5.0,145.5,58.7,50.5,36.9,59.8,145.5,"2021年式 / 1.2 AUTECH FOUR 4WD / 57,000km / 三重県",2021年式,1.2 AUTECH FOUR 4WD,"57,000km",三重県,manen
nissan-note,ノート,root,root,"58,000km",58000,58000,9,5.0,120.4,61.1,71.5,19.3,101.7,120.4,"2023年式 / 1.2 X / 58,000km / 宮崎県",2023年式,1.2 X,"58,000km",宮崎県,manen
nissan-note,ノート,root,root,"59,000km",59000,59000,10,5.0,106.1,47.0,41.5,23.4,57.2,106.1,"2023年式 / 1.2 S / 59,000km / 長野県",2023年式,1.2 S,"59,000km",長野県,manen
nissan-note,ノート,root,root,6万km,60000,60000,10,37.8,82.1,55.8,55.4,40.0,64.9,82.1,2018年式 / 1.2 e-POWER NISMO / 6万km / 山口県,2018年式,1.2 e-POWER NISMO,6万km,山口県,manen
nissan-note,ノート,root,root,"61,000km",61000,61000,11,5.0,109.3,47.7,58.0,23.5,58.2,109.3,"2022年式 / 1.2 X / 61,000km / 愛知県",2022年式,1.2 X,"61,000km",愛知県,manen
nissan-note,ノート,root,root,"62,000km",62000,62000,3,30.1,92.0,53.8,39.3,30.1,92.0,92.0,"2023年式 / 1.2 X FOUR 4WD / 62,000km / 熊本県",2023年式,1.2 X FOUR 4WD,"62,000km",熊本県,manen
nissan-note,ノート,root,root,"63,000km",63000,63000,13,5.0,96.1,40.1,37.3,28.6,42.5,96.1,"2022年式 / 1.2 S / 63,000km / 沖縄県",2022年式,1.2 S,"63,000km",沖縄県,manen
nissan-note,ノート,root,root,"64,000km",64000,64000,13,8.5,113.8,65.5,76.3,31.5,94.1,113.8,"2023年式 / 1.2 X FOUR 4WD / 64,000km / 長崎県",2023年式,1.2 X FOUR 4WD,"64,000km",長崎県,manen
nissan-note,ノート,root,root,"65,000km",65000,65000,11,5.0,66.5,26.8,22.0,9.7,40.2,66.5,"2019年式 / 1.2 e-POWER X / 65,000km / 香川県",2019年式,1.2 e-POWER X,"65,000km",香川県,manen
nissan-note,ノート,root,root,"66,000km",66000,66000,13,5.0,135.2,61.6,57.3,32.5,97.2,135.2,"2022年式 / 1.2 X FOUR 4WD / 66,000km / 岐阜県",2022年式,1.2 X FOUR 4WD,"66,000km",岐阜県,manen
nissan-note,ノート,root,root,"67,000km",67000,67000,5,5.3,60.8,37.5,38.9,38.9,43.5,60.8,"2020年式 / 1.2 e-POWER AUTECH / 67,000km / 石川県",2020年式,1.2 e-POWER AUTECH,"67,000km",石川県,manen
nissan-note,ノート,root,root,"68,000km",68000,68000,5,29.4,76.0,52.5,48.5,33.7,75.1,76.0,"2021年式 / 1.2 X / 68,000km / 奈良県",2021年式,1.2 X,"68,000km",奈良県,manen
nissan-note,ノート,root,root,"69,000km",69000,69000,9,5.0,106.4,34.0,21.4,20.7,49.5,106.4,"2021年式 / 1.2 X / 69,000km / 岐阜県",2021年式,1.2 X,"69,000km",岐阜県,manen
nissan-note,ノート,root,root,7万km,70000,70000,9,5.0,77.5,28.0,16.3,6.7,52.7,77.5,2016年式 / 1.2 e-POWER NISMO / 7万km / 福岡県,2016年式,1.2 e-POWER NISMO,7万km,福岡県,manen
nissan-note,ノート,root,root,"71,000km",71000,71000,10,5.0,111.3,33.3,24.9,20.4,36.0,111.3,"2023年式 / 1.2 X FOUR 4WD / 71,000km / 新潟県",2023年式,1.2 X FOUR 4WD,"71,000km",新潟県,manen
nissan-note,ノート,root,root,"72,000km",72000,72000,7,16.9,111.3,55.2,50.1,49.4,66.2,111.3,"2020年式 / 1.2 e-POWER NISMO S / 72,000km / 千葉県",2020年式,1.2 e-POWER NISMO S,"72,000km",千葉県,manen
nissan-note,ノート,root,root,"73,000km",73000,73000,8,5.0,68.0,43.0,48.0,34.4,58.5,68.0,"2017年式 / 1.2 メダリスト ブラックアロー / 73,000km / 栃木県",2017年式,1.2 メダリスト ブラックアロー,"73,000km",栃木県,manen
nissan-note,ノート,root,root,"74,000km",74000,74000,19,5.0,85.0,41.9,45.3,11.3,58.0,85.0,"2018年式 / 1.2 e-POWER NISMO / 74,000km / 千葉県",2018年式,1.2 e-POWER NISMO,"74,000km",千葉県,manen
nissan-note,ノート,root,root,"75,000km",75000,75000,10,5.0,42.5,28.4,31.3,17.7,38.3,42.5,"2018年式 / 1.2 X / 75,000km / 新潟県",2018年式,1.2 X,"75,000km",新潟県,manen
nissan-note,ノート,root,root,"76,000km",76000,76000,8,5.9,86.0,53.7,57.4,28.3,83.0,86.0,"2022年式 / 1.2 S / 76,000km / 岐阜県",2022年式,1.2 S,"76,000km",岐阜県,manen
nissan-note,ノート,root,root,"77,000km",77000,77000,8,5.0,49.9,25.4,25.5,16.4,35.5,49.9,"2017年式 / 1.2 e-POWER X / 77,000km / 長野県",2017年式,1.2 e-POWER X,"77,000km",長野県,manen
nissan-note,ノート,root,root,"78,000km",78000,78000,3,16.4,73.0,38.5,26.2,16.4,73.0,73.0,"2015年式 / 1.2 NISMO / 78,000km / 北海道",2015年式,1.2 NISMO,"78,000km",北海道,manen
nissan-note,ノート,root,root,"79,000km",79000,79000,7,9.7,88.7,46.8,33.8,33.8,65.9,88.7,"2022年式 / 1.2 S / 79,000km / 佐賀県",2022年式,1.2 S,"79,000km",佐賀県,manen
nissan-note,ノート,root,root,8万km,80000,80000,6,5.0,54.8,21.0,16.6,5.0,28.2,54.8,2017年式 / 1.2 e-POWER NISMO / 8万km / 埼玉県,2017年式,1.2 e-POWER NISMO,8万km,埼玉県,manen
nissan-note,ノート,root,root,"81,000km",81000,81000,4,7.4,55.5,29.9,28.2,9.3,47.2,55.5,"2018年式 / 1.2 X FOUR 4WD / 81,000km / 秋田県",2018年式,1.2 X FOUR 4WD,"81,000km",秋田県,manen
nissan-note,ノート,root,root,"82,000km",82000,82000,6,27.8,73.6,48.9,47.7,45.6,50.8,73.6,"2020年式 / 1.2 X / 82,000km / 富山県",2020年式,1.2 X,"82,000km",富山県,manen
nissan-note,ノート,root,root,"83,000km",83000,83000,5,8.4,50.7,23.1,17.1,17.1,22.1,50.7,"2020年式 / 1.2 e-POWER X / 83,000km / 福岡県",2020年式,1.2 e-POWER X,"83,000km",福岡県,manen
nissan-note,ノート,root,root,"84,000km",84000,84000,6,5.0,113.8,45.6,35.7,21.2,62.0,113.8,"2022年式 / 1.2 AUTECH / 84,000km / 愛知県",2022年式,1.2 AUTECH,"84,000km",愛知県,manen
nissan-note,ノート,root,root,"85,000km",85000,85000,7,5.0,61.9,36.5,34.5,25.6,50.0,61.9,"2020年式 / 1.2 e-POWER X FOUR 4WD / 85,000km / 北海道",2020年式,1.2 e-POWER X FOUR 4WD,"85,000km",北海道,manen
nissan-note,ノート,root,root,"86,000km",86000,86000,6,5.0,91.3,38.2,18.4,5.0,91.3,91.3,"2022年式 / 1.2 S / 86,000km / 山形県",2022年式,1.2 S,"86,000km",山形県,manen
nissan-note,ノート,root,root,"87,000km",87000,87000,12,5.0,97.0,44.9,41.9,22.6,55.5,97.0,"2022年式 / 1.2 S / 87,000km / 福井県",2022年式,1.2 S,"87,000km",福井県,manen
nissan-note,ノート,root,root,"88,000km",88000,88000,3,5.0,32.5,14.4,5.8,5.0,32.5,32.5,"2016年式 / 1.2 e-POWER X / 88,000km / 青森県",2016年式,1.2 e-POWER X,"88,000km",青森県,manen
nissan-note,ノート,root,root,"89,000km",89000,89000,9,5.0,96.0,34.1,35.5,21.0,40.5,96.0,"2022年式 / 1.2 X / 89,000km / 徳島県",2022年式,1.2 X,"89,000km",徳島県,manen
nissan-note,ノート,root,root,9万km,90000,90000,9,5.0,76.0,33.9,25.2,16.1,54.3,76.0,2021年式 / 1.2 e-POWER AUTECH / 9万km / 沖縄県,2021年式,1.2 e-POWER AUTECH,9万km,沖縄県,manen
nissan-note,ノート,root,root,"91,000km",91000,91000,5,21.3,47.5,34.7,38.2,21.3,45.1,47.5,"2019年式 / 1.2 AUTECH / 91,000km / 三重県",2019年式,1.2 AUTECH,"91,000km",三重県,manen
nissan-note,ノート,root,root,"92,000km",92000,92000,5,17.4,71.7,49.7,56.5,38.5,64.5,71.7,"2021年式 / 1.2 e-POWER B FOUR 4WD / 92,000km / 東京都",2021年式,1.2 e-POWER B FOUR 4WD,"92,000km",東京都,manen
nissan-note,ノート,root,root,"93,000km",93000,93000,7,5.0,56.2,33.2,29.8,29.5,37.5,56.2,"2019年式 / 1.2 メダリスト X / 93,000km / 東京都",2019年式,1.2 メダリスト X,"93,000km",東京都,manen
nissan-note,ノート,root,root,"94,000km",94000,94000,4,5.0,65.9,40.5,45.6,43.2,48.1,65.9,"2017年式 / 1.2 X / 94,000km / 長野県",2017年式,1.2 X,"94,000km",長野県,manen
nissan-note,ノート,root,root,"95,000km",95000,95000,2,31.9,35.5,33.7,33.7,31.9,35.5,35.5,"2017年式 / 1.2 e-POWER メダリスト / 95,000km / 大阪府",2017年式,1.2 e-POWER メダリスト,"95,000km",大阪府,manen
nissan-note,ノート,root,root,"96,000km",96000,96000,8,5.0,69.3,38.7,47.9,10.3,60.8,69.3,"2019年式 / 1.2 e-POWER X Vセレクション / 96,000km / 徳島県",2019年式,1.2 e-POWER X Vセレクション,"96,000km",徳島県,manen
nissan-note,ノート,root,root,"97,000km",97000,97000,4,29.8,80.0,53.5,52.0,38.5,65.6,80.0,"2022年式 / 1.2 X FOUR 4WD / 97,000km / 新潟県",2022年式,1.2 X FOUR 4WD,"97,000km",新潟県,manen
nissan-note,ノート,root,root,"98,000km",98000,98000,9,5.0,80.0,28.7,27.0,5.0,35.0,80.0,"2018年式 / 1.2 e-POWER NISMO / 98,000km / 静岡県",2018年式,1.2 e-POWER NISMO,"98,000km",静岡県,manen
nissan-note,ノート,root,root,"99,000km",99000,99000,4,5.0,43.2,26.5,28.9,18.3,39.5,43.2,"2017年式 / 1.2 e-POWER X モードプレミア / 99,000km / 石川県",2017年式,1.2 e-POWER X モードプレミア,"99,000km",石川県,manen
nissan-note,ノート,root,root,10万km,100000,100000,5,5.0,52.2,30.3,37.4,5.0,52.0,52.2,2014年式 / 1.6 NISMO S / 10万km / 兵庫県,2014年式,1.6 NISMO S,10万km,兵庫県,manen
nissan-note,ノート,root,root,"101,000km",101000,101000,6,5.0,87.5,50.2,57.9,12.7,80.5,87.5,"2022年式 / 1.2 X FOUR 4WD / 101,000km / 静岡県",2022年式,1.2 X FOUR 4WD,"101,000km",静岡県,manen
nissan-note,ノート,root,root,"103,000km",103000,103000,4,5.0,76.9,29.8,18.7,5.0,32.4,76.9,"2021年式 / 1.2 X / 103,000km / 奈良県",2021年式,1.2 X,"103,000km",奈良県,manen
nissan-note,ノート,root,root,"105,000km",105000,105000,1,78.8,78.8,78.8,78.8,78.8,78.8,78.8,"2021年式 / 1.2 X / 105,000km / 長崎県",2021年式,1.2 X,"105,000km",長崎県,manen
nissan-note,ノート,root,root,"106,000km",106000,106000,3,5.6,50.9,28.2,28.2,5.6,50.9,50.9,"2020年式 / 1.2 e-POWER X Vセレクション / 106,000km / 三重県",2020年式,1.2 e-POWER X Vセレクション,"106,000km",三重県,manen
nissan-note,ノート,root,root,"107,000km",107000,107000,4,5.0,73.4,46.3,53.5,33.5,73.4,73.4,"2018年式 / 1.2 e-POWER NISMO / 107,000km / 東京都",2018年式,1.2 e-POWER NISMO,"107,000km",東京都,manen
nissan-note,ノート,root,root,"108,000km",108000,108000,1,39.0,39.0,39.0,39.0,39.0,39.0,39.0,"2016年式 / 1.2 NISMO / 108,000km / 静岡県",2016年式,1.2 NISMO,"108,000km",静岡県,manen
nissan-note,ノート,root,root,"109,000km",109000,109000,3,5.0,47.1,19.0,5.0,5.0,47.1,47.1,"2018年式 / 1.2 e-POWER NISMO / 109,000km / 栃木県",2018年式,1.2 e-POWER NISMO,"109,000km",栃木県,manen
nissan-note,ノート,root,root,11万km,110000,110000,8,5.0,95.0,46.0,37.8,36.0,39.4,95.0,2022年式 / 1.2 X / 11万km / 茨城県,2022年式,1.2 X,11万km,茨城県,manen
nissan-note,ノート,root,root,"111,000km",111000,111000,2,5.0,80.0,42.5,42.5,5.0,80.0,80.0,"2021年式 / 1.2 e-POWER NISMO S / 111,000km / 埼玉県",2021年式,1.2 e-POWER NISMO S,"111,000km",埼玉県,manen
nissan-note,ノート,root,root,"112,000km",112000,112000,4,5.0,54.0,17.2,5.0,5.0,5.0,54.0,"2020年式 / 1.2 X Vセレクション / 112,000km / 東京都",2020年式,1.2 X Vセレクション,"112,000km",東京都,manen
nissan-note,ノート,root,root,"113,000km",113000,113000,1,5.0,5.0,5.0,5.0,5.0,5.0,5.0,"2013年式 / 1.2 X DIG-S / 113,000km / 長野県",2013年式,1.2 X DIG-S,"113,000km",長野県,manen
nissan-note,ノート,root,root,"114,000km",114000,114000,4,30.3,42.6,36.5,36.6,31.0,42.3,42.6,"2017年式 / 1.2 X / 114,000km / 岡山県",2017年式,1.2 X,"114,000km",岡山県,manen
nissan-note,ノート,root,root,"115,000km",115000,115000,4,5.0,56.0,25.4,20.4,20.4,20.4,56.0,"2021年式 / 1.2 e-POWER X / 115,000km / 滋賀県",2021年式,1.2 e-POWER X,"115,000km",滋賀県,manen
nissan-note,ノート,root,root,"116,000km",116000,116000,4,26.3,64.5,40.9,36.4,27.7,45.0,64.5,"2018年式 / 1.6 NISMO S / 116,000km / 茨城県",2018年式,1.6 NISMO S,"116,000km",茨城県,manen
nissan-note,ノート,root,root,"117,000km",117000,117000,5,5.0,66.1,37.8,43.9,26.8,47.0,66.1,"2019年式 / 1.2 e-POWER AUTECH / 117,000km / 宮崎県",2019年式,1.2 e-POWER AUTECH,"117,000km",宮崎県,manen
nissan-note,ノート,root,root,"118,000km",118000,118000,6,5.0,58.3,22.4,18.2,5.0,30.0,58.3,"2019年式 / 1.2 e-POWER メダリスト / 118,000km / 佐賀県",2019年式,1.2 e-POWER メダリスト,"118,000km",佐賀県,manen
nissan-note,ノート,root,root,"119,000km",119000,119000,2,5.0,30.0,17.5,17.5,5.0,30.0,30.0,"2015年式 / 1.2 NISMO / 119,000km / 石川県",2015年式,1.2 NISMO,"119,000km",石川県,manen
nissan-note,ノート,root,root,12万km,120000,120000,2,5.0,5.0,5.0,5.0,5.0,5.0,5.0,2013年式 / 1.2 X DIG-S / 12万km / 静岡県,2013年式,1.2 X DIG-S,12万km,静岡県,manen
nissan-note,ノート,root,root,"121,000km",121000,121000,1,71.5,71.5,71.5,71.5,71.5,71.5,71.5,"2021年式 / 1.2 S / 121,000km / 青森県",2021年式,1.2 S,"121,000km",青森県,manen
nissan-note,ノート,root,root,"122,000km",122000,122000,5,28.7,55.5,40.2,31.3,30.0,55.5,55.5,"2016年式 / 1.6 NISMO S / 122,000km / 三重県",2016年式,1.6 NISMO S,"122,000km",三重県,manen
nissan-note,ノート,root,root,"123,000km",123000,123000,2,5.0,27.6,16.3,16.3,5.0,27.6,27.6,"2017年式 / 1.2 X DIG-S / 123,000km / 佐賀県",2017年式,1.2 X DIG-S,"123,000km",佐賀県,manen
nissan-note,ノート,root,root,"124,000km",124000,124000,3,36.6,48.9,40.7,36.6,36.6,48.9,48.9,"2017年式 / 1.2 X / 124,000km / 和歌山県",2017年式,1.2 X,"124,000km",和歌山県,manen
nissan-note,ノート,root,root,"125,000km",125000,125000,5,5.0,23.4,18.5,22.3,19.4,22.3,23.4,"2017年式 / 1.2 X FOUR 4WD / 125,000km / 新潟県",2017年式,1.2 X FOUR 4WD,"125,000km",新潟県,manen
nissan-note,ノート,root,root,"126,000km",126000,126000,5,5.0,43.4,28.8,27.5,27.5,40.6,43.4,"2019年式 / 1.2 X / 126,000km / 熊本県",2019年式,1.2 X,"126,000km",熊本県,manen
nissan-note,ノート,root,root,"127,000km",127000,127000,3,25.0,29.6,26.5,25.0,25.0,29.6,29.6,"2017年式 / 1.2 e-POWER X モードプレミア / 127,000km / 長崎県",2017年式,1.2 e-POWER X モードプレミア,"127,000km",長崎県,manen
nissan-note,ノート,root,root,"128,000km",128000,128000,1,25.0,25.0,25.0,25.0,25.0,25.0,25.0,"2015年式 / 1.2 メダリスト エマージェンシーブレーキ パッケージ / 128,000km / 宮崎県",2015年式,1.2 メダリスト エマージェンシーブレーキ パッケージ,"128,000km",宮崎県,manen
nissan-note,ノート,root,root,"129,000km",129000,129000,1,31.0,31.0,31.0,31.0,31.0,31.0,31.0,"2016年式 / 1.2 e-POWER X / 129,000km / 兵庫県",2016年式,1.2 e-POWER X,"129,000km",兵庫県,manen
nissan-note,ノート,root,root,13万km,130000,130000,3,5.0,29.8,18.2,19.9,5.0,29.8,29.8,2016年式 / 1.2 e-POWER X / 13万km / 岩手県,2016年式,1.2 e-POWER X,13万km,岩手県,manen
nissan-note,ノート,root,root,"131,000km",131000,131000,2,5.0,37.9,21.4,21.4,5.0,37.9,37.9,"2016年式 / 1.6 NISMO S / 131,000km / 兵庫県",2016年式,1.6 NISMO S,"131,000km",兵庫県,manen
nissan-note,ノート,root,root,"132,000km",132000,132000,1,29.2,29.2,29.2,29.2,29.2,29.2,29.2,"2017年式 / 1.2 e-POWER X モードプレミア / 132,000km / 宮崎県",2017年式,1.2 e-POWER X モードプレミア,"132,000km",宮崎県,manen
nissan-note,ノート,root,root,"133,000km",133000,133000,1,8.0,8.0,8.0,8.0,8.0,8.0,8.0,"2016年式 / 1.2 メダリスト Vセレクション プラスセーフティII / 133,000km / 静岡県",2016年式,1.2 メダリスト Vセレクション プラスセーフティII,"133,000km",静岡県,manen
nissan-note,ノート,root,root,"134,000km",134000,134000,2,5.0,53.0,29.0,29.0,5.0,53.0,53.0,"2019年式 / 1.2 X / 134,000km / 三重県",2019年式,1.2 X,"134,000km",三重県,manen
nissan-note,ノート,root,root,"135,000km",135000,135000,6,5.0,38.8,30.7,35.4,31.0,38.8,38.8,"2020年式 / 1.2 e-POWER X Vセレクション / 135,000km / 宮城県",2020年式,1.2 e-POWER X Vセレクション,"135,000km",宮城県,manen
nissan-note,ノート,root,root,"137,000km",137000,137000,1,26.7,26.7,26.7,26.7,26.7,26.7,26.7,"2016年式 / 1.2 e-POWER X / 137,000km / 徳島県",2016年式,1.2 e-POWER X,"137,000km",徳島県,manen
nissan-note,ノート,root,root,"138,000km",138000,138000,2,23.8,55.3,39.5,39.5,23.8,55.3,55.3,"2021年式 / 1.2 S FOUR 4WD / 138,000km / 沖縄県",2021年式,1.2 S FOUR 4WD,"138,000km",沖縄県,manen
nissan-note,ノート,root,root,"139,000km",139000,139000,1,26.1,26.1,26.1,26.1,26.1,26.1,26.1,"2017年式 / 1.6 NISMO S / 139,000km / 栃木県",2017年式,1.6 NISMO S,"139,000km",栃木県,manen
nissan-note,ノート,root,root,"141,000km",141000,141000,4,5.0,42.0,15.8,8.1,5.0,11.1,42.0,"2017年式 / 1.2 e-POWER X / 141,000km / 鳥取県",2017年式,1.2 e-POWER X,"141,000km",鳥取県,manen
nissan-note,ノート,root,root,"142,000km",142000,142000,1,27.9,27.9,27.9,27.9,27.9,27.9,27.9,"2016年式 / 1.2 X / 142,000km / 長崎県",2016年式,1.2 X,"142,000km",長崎県,manen
nissan-note,ノート,root,root,"145,000km",145000,145000,2,51.7,51.7,51.7,51.7,51.7,51.7,51.7,"2019年式 / 1.2 X FOUR シーギア リミテッド 4WD / 145,000km / 沖縄県",2019年式,1.2 X FOUR シーギア リミテッド 4WD,"145,000km",沖縄県,manen
nissan-note,ノート,root,root,"147,000km",147000,147000,3,32.1,47.1,39.5,39.4,32.1,47.1,47.1,"2017年式 / 1.2 e-POWER X モードプレミア / 147,000km / 大阪府",2017年式,1.2 e-POWER X モードプレミア,"147,000km",大阪府,manen
nissan-note,ノート,root,root,"149,000km",149000,149000,3,5.0,35.5,23.4,29.6,5.0,35.5,35.5,"2015年式 / 1.6 NISMO S / 149,000km / 東京都",2015年式,1.6 NISMO S,"149,000km",東京都,manen
nissan-note,ノート,root,root,15万km,150000,150000,4,22.5,73.6,49.2,50.4,27.2,73.6,73.6,2021年式 / 1.2 S / 15万km / 東京都,2021年式,1.2 S,15万km,東京都,manen
nissan-note,ノート,root,root,"151,000km",151000,151000,2,24.0,34.3,29.1,29.1,24.0,34.3,34.3,"2019年式 / 1.2 X / 151,000km / 大分県",2019年式,1.2 X,"151,000km",大分県,manen
nissan-note,ノート,root,root,"152,000km",152000,152000,2,30.2,47.0,38.6,38.6,30.2,47.0,47.0,"2019年式 / 1.2 X / 152,000km / 栃木県",2019年式,1.2 X,"152,000km",栃木県,manen
nissan-note,ノート,root,root,"155,000km",155000,155000,1,31.5,31.5,31.5,31.5,31.5,31.5,31.5,"2018年式 / 1.2 X FOUR 4WD / 155,000km / 高知県",2018年式,1.2 X FOUR 4WD,"155,000km",高知県,manen
nissan-note,ノート,root,root,"158,000km",158000,158000,1,5.0,5.0,5.0,5.0,5.0,5.0,5.0,"2013年式 / 1.2 メダリスト / 158,000km / 福岡県",2013年式,1.2 メダリスト,"158,000km",福岡県,manen
nissan-note,ノート,root,root,"159,000km",159000,159000,1,32.3,32.3,32.3,32.3,32.3,32.3,32.3,"2018年式 / 1.2 e-POWER X / 159,000km / 愛知県",2018年式,1.2 e-POWER X,"159,000km",愛知県,manen
nissan-note,ノート,root,root,16万km,160000,160000,2,29.4,73.4,51.4,51.4,29.4,73.4,73.4,2022年式 / 1.2 S / 16万km / 宮崎県,2022年式,1.2 S,16万km,宮崎県,manen
nissan-note,ノート,root,root,"163,000km",163000,163000,1,19.1,19.1,19.1,19.1,19.1,19.1,19.1,"2016年式 / 1.2 X DIG-S / 163,000km / 埼玉県",2016年式,1.2 X DIG-S,"163,000km",埼玉県,manen
nissan-note,ノート,root,root,"169,000km",169000,169000,1,23.7,23.7,23.7,23.7,23.7,23.7,23.7,"2016年式 / 1.2 X / 169,000km / 宮城県",2016年式,1.2 X,"169,000km",宮城県,manen
nissan-note,ノート,root,root,17万km,170000,170000,1,16.5,16.5,16.5,16.5,16.5,16.5,16.5,2018年式 / 1.2 X FOUR 4WD / 17万km / 埼玉県,2018年式,1.2 X FOUR 4WD,17万km,埼玉県,manen
nissan-note,ノート,root,root,"171,000km",171000,171000,1,18.0,18.0,18.0,18.0,18.0,18.0,18.0,"2016年式 / 1.2 e-POWER X / 171,000km / 香川県",2016年式,1.2 e-POWER X,"171,000km",香川県,manen
nissan-note,ノート,root,root,"172,000km",172000,172000,1,29.7,29.7,29.7,29.7,29.7,29.7,29.7,"2018年式 / 1.2 S / 172,000km / 長崎県",2018年式,1.2 S,"172,000km",長崎県,manen
nissan-note,ノート,root,root,"174,000km",174000,174000,1,69.2,69.2,69.2,69.2,69.2,69.2,69.2,"2019年式 / 1.2 e-POWER NISMO S / 174,000km / 福島県",2019年式,1.2 e-POWER NISMO S,"174,000km",福島県,manen
nissan-note,ノート,root,root,"177,000km",177000,177000,1,36.6,36.6,36.6,36.6,36.6,36.6,36.6,"2019年式 / 1.2 X / 177,000km / 滋賀県",2019年式,1.2 X,"177,000km",滋賀県,manen
nissan-note,ノート,root,root,18万km,180000,180000,1,37.2,37.2,37.2,37.2,37.2,37.2,37.2,2018年式 / 1.2 e-POWER X / 18万km / 大阪府,2018年式,1.2 e-POWER X,18万km,大阪府,manen
nissan-note,ノート,root,root,"182,000km",182000,182000,2,19.0,19.0,19.0,19.0,19.0,19.0,19.0,"2017年式 / 1.2 X FOUR スマートセーフティエディション 4WD / 182,000km / 山梨県",2017年式,1.2 X FOUR スマートセーフティエディション 4WD,"182,000km",山梨県,manen
nissan-note,ノート,root,root,"184,000km",184000,184000,1,36.0,36.0,36.0,36.0,36.0,36.0,36.0,"2019年式 / 1.2 X DIG-S / 184,000km / 大阪府",2019年式,1.2 X DIG-S,"184,000km",大阪府,manen
nissan-note,ノート,root,root,"187,000km",187000,187000,1,51.0,51.0,51.0,51.0,51.0,51.0,51.0,"2020年式 / 1.2 X FOUR 4WD / 187,000km / 静岡県",2020年式,1.2 X FOUR 4WD,"187,000km",静岡県,manen
nissan-note,ノート,root,root,"189,000km",189000,189000,1,29.5,29.5,29.5,29.5,29.5,29.5,29.5,"2016年式 / 1.2 X / 189,000km / 兵庫県",2016年式,1.2 X,"189,000km",兵庫県,manen
nissan-note,ノート,root,root,"191,000km",191000,191000,1,33.2,33.2,33.2,33.2,33.2,33.2,33.2,"2017年式 / 1.2 e-POWER メダリスト / 191,000km / 大分県",2017年式,1.2 e-POWER メダリスト,"191,000km",大分県,manen
nissan-note,ノート,root,root,"193,000km",193000,193000,1,5.0,5.0,5.0,5.0,5.0,5.0,5.0,"2017年式 / 1.2 X / 193,000km / 千葉県",2017年式,1.2 X,"193,000km",千葉県,manen
nissan-note,ノート,root,root,"195,000km",195000,195000,1,9.7,9.7,9.7,9.7,9.7,9.7,9.7,"2017年式 / 1.2 e-POWER NISMO / 195,000km / 佐賀県",2017年式,1.2 e-POWER NISMO,"195,000km",佐賀県,manen
nissan-note,ノート,root,root,"196,000km",196000,196000,1,38.6,38.6,38.6,38.6,38.6,38.6,38.6,"2017年式 / 1.2 e-POWER メダリスト / 196,000km / 京都府",2017年式,1.2 e-POWER メダリスト,"196,000km",京都府,manen
nissan-note,ノート,root,root,20万km,200000,200000,1,34.3,34.3,34.3,34.3,34.3,34.3,34.3,2016年式 / 1.2 X / 20万km / 滋賀県,2016年式,1.2 X,20万km,滋賀県,manen
nissan-note,ノート,root,root,"202,000km",202000,202000,1,5.0,5.0,5.0,5.0,5.0,5.0,5.0,"2012年式 / 1.2 X FOUR 4WD / 202,000km / 長野県",2012年式,1.2 X FOUR 4WD,"202,000km",長野県,manen
nissan-note,ノート,root,root,"204,000km",204000,204000,1,27.0,27.0,27.0,27.0,27.0,27.0,27.0,"2016年式 / 1.2 e-POWER X / 204,000km / 愛知県",2016年式,1.2 e-POWER X,"204,000km",愛知県,manen
nissan-note,ノート,root,root,"212,000km",212000,212000,1,18.6,18.6,18.6,18.6,18.6,18.6,18.6,"2017年式 / 1.2 e-POWER X / 212,000km / 大分県",2017年式,1.2 e-POWER X,"212,000km",大分県,manen
nissan-note,ノート,root,root,"215,000km",215000,215000,1,27.1,27.1,27.1,27.1,27.1,27.1,27.1,"2018年式 / 1.2 e-POWER X / 215,000km / 熊本県",2018年式,1.2 e-POWER X,"215,000km",熊本県,manen
nissan-note,ノート,root,root,"217,000km",217000,217000,1,40.5,40.5,40.5,40.5,40.5,40.5,40.5,"2017年式 / 1.2 メダリスト / 217,000km / 島根県",2017年式,1.2 メダリスト,"217,000km",島根県,manen
nissan-note,ノート,root,root,"225,000km",225000,225000,1,36.0,36.0,36.0,36.0,36.0,36.0,36.0,"2018年式 / 1.2 X モードプレミア / 225,000km / 宮崎県",2018年式,1.2 X モードプレミア,"225,000km",宮崎県,manen
nissan-note,ノート,root,root,"254,000km",254000,254000,1,31.5,31.5,31.5,31.5,31.5,31.5,31.5,"2020年式 / 1.2 e-POWER X Vセレクション / 254,000km / 埼玉県",2020年式,1.2 e-POWER X Vセレクション,"254,000km",埼玉県,manen
nissan-note,ノート,root,root,"266,000km",266000,266000,1,5.0,5.0,5.0,5.0,5.0,5.0,5.0,"2011年式 / 1.5 15X SV / 266,000km / 佐賀県",2011年式,1.5 15X SV,"266,000km",佐賀県,manen
