model_slug,maker_name,model_name,primary_class,support_tags,latest_available_year,overall_price_median,overall_high_price,classification_reason
suzuki-alto-eco,スズキ,アルトエコ,古い年式中心の車種,軽自動車,2015,17.5,41.0,latest_available_year<=2022
suzuki-alto-lapin-chocolat,スズキ,アルトラパンショコラ,古い年式中心の車種,軽自動車,2015,40.7,93.0,latest_available_year<=2022
suzuki-baleno,スズキ,バレーノ,古い年式中心の車種,,2020,70.5,135.3,latest_available_year<=2022
suzuki-cervo,スズキ,セルボ,古い年式中心の車種,軽自動車,2010,14.7,37.0,latest_available_year<=2022
suzuki-cervo-mode,スズキ,セルボモード,古い年式中心の車種,軽自動車,1997,17.6,37.1,latest_available_year<=2022
suzuki-erio,スズキ,エリオ,古い年式中心の車種,,2005,6.0,18.0,latest_available_year<=2022
suzuki-erio-sedan,スズキ,エリオセダン,古い年式中心の車種,,2006,6.4,21.8,latest_available_year<=2022
suzuki-every-landy,スズキ,エブリイランディ,古い年式中心の車種,,2015,14.1,27.0,latest_available_year<=2022
suzuki-jimny-wide,スズキ,ジムニーワイド,古い年式中心の車種,,2005,17.0,37.5,latest_available_year<=2022
suzuki-kizashi,スズキ,キザシ,古い年式中心の車種,,2015,65.4,165.0,latest_available_year<=2022
suzuki-mr-wagon,スズキ,MRワゴン,古い年式中心の車種,軽自動車,2016,21.1,48.0,latest_available_year<=2022
suzuki-palette,スズキ,パレット,古い年式中心の車種,軽自動車,2014,17.5,40.5,latest_available_year<=2022
suzuki-splash,スズキ,スプラッシュ,古い年式中心の車種,,2014,16.2,42.0,latest_available_year<=2022
suzuki-sx4,スズキ,SX4,古い年式中心の車種,,2014,15.8,37.5,latest_available_year<=2022
suzuki-sx4-s-cross,スズキ,SX4 クロス,古い年式中心の車種,,2020,98.5,165.7,latest_available_year<=2022
suzuki-twin,スズキ,ツイン,古い年式中心の車種,軽自動車,2015,21.5,45.5,latest_available_year<=2022
suzuki-wagon-r-rr,スズキ,ワゴンR RR,古い年式中心の車種,軽自動車,2008,14.7,44.0,latest_available_year<=2022
suzuki-wagon-r-solio,スズキ,ワゴンRソリオ,古い年式中心の車種,ミニバン,2013,7.5,21.6,latest_available_year<=2022
suzuki-x-90,スズキ,X-90,古い年式中心の車種,,1997,29.0,79.7,latest_available_year<=2022
subaru-alcyone,スバル,アルシオーネ,古い年式中心の車種,,1988,40.1,122.5,latest_available_year<=2022
subaru-alcyone-svx,スバル,アルシオーネSVX,古い年式中心の車種,,2013,25.0,91.5,latest_available_year<=2022
subaru-dex,スバル,デックス,古い年式中心の車種,,2011,25.9,71.5,latest_available_year<=2022
subaru-dias-wagon,スバル,ディアスワゴン,古い年式中心の車種,,2019,45.0,114.0,latest_available_year<=2022
subaru-exiga,スバル,エクシーガ,古い年式中心の車種,ミニバン,2015,18.6,61.5,latest_available_year<=2022
subaru-exiga-crossover-7,スバル,エクシーガクロスオーバー7,古い年式中心の車種,ミニバン,2018,125.4,241.5,latest_available_year<=2022
subaru-impreza,スバル,インプレッサ,古い年式中心の車種,,2015,18.1,86.7,latest_available_year<=2022
subaru-impreza-anesis,スバル,インプレッサアネシス,古い年式中心の車種,,2016,23.8,60.5,latest_available_year<=2022
subaru-impreza-hatchback,スバル,インプレッサハッチバック,古い年式中心の車種,,2014,15.8,78.5,latest_available_year<=2022
subaru-impreza-hatchback-sti,スバル,インプレッサハッチバックSTI,古い年式中心の車種,,2014,126.0,269.5,latest_available_year<=2022
subaru-impreza-sports-wagon,スバル,インプレッサスポーツワゴン,古い年式中心の車種,,2007,11.7,40.6,latest_available_year<=2022
subaru-impreza-sports-wagon-sti,スバル,インプレッサスポーツワゴンSTI,古い年式中心の車種,,2004,71.6,203.0,latest_available_year<=2022
subaru-impreza-xv,スバル,インプレッサXV,古い年式中心の車種,,2017,67.6,184.0,latest_available_year<=2022
subaru-legacy,スバル,レガシィ,古い年式中心の車種,,2013,23.6,88.5,latest_available_year<=2022
subaru-legacy-b4,スバル,レガシィB4,古い年式中心の車種,,2020,26.5,120.6,latest_available_year<=2022
subaru-legacy-grand-wagon,スバル,レガシィグランドワゴン,古い年式中心の車種,,2018,31.6,197.0,latest_available_year<=2022
subaru-legacy-lancaster,スバル,レガシィランカスター,古い年式中心の車種,,2003,9.6,30.4,latest_available_year<=2022
subaru-legacy-touring-wagon,スバル,レガシィツーリングワゴン,古い年式中心の車種,,2015,22.3,71.6,latest_available_year<=2022
subaru-pleo,スバル,プレオ,古い年式中心の車種,軽自動車,2018,16.8,46.2,latest_available_year<=2022
subaru-pleo-nesta,スバル,プレオネスタ,古い年式中心の車種,軽自動車,2003,7.5,23.9,latest_available_year<=2022
subaru-r1,スバル,R1,古い年式中心の車種,軽自動車,2015,21.2,72.5,latest_available_year<=2022
subaru-r2,スバル,R2,古い年式中心の車種,軽自動車,2016,11.4,41.2,latest_available_year<=2022
subaru-sambar-dias,スバル,サンバーディアス,古い年式中心の車種,,2015,16.8,47.8,latest_available_year<=2022
subaru-sambar-dias-wagon,スバル,サンバーディアスワゴン,古い年式中心の車種,,2009,8.8,33.9,latest_available_year<=2022
subaru-trezia,スバル,トレジア,古い年式中心の車種,,2016,21.0,55.7,latest_available_year<=2022
subaru-vivio,スバル,ヴィヴィオ,古い年式中心の車種,軽自動車,1998,21.6,53.5,latest_available_year<=2022
subaru-vivio-bistro,スバル,ヴィヴィオビストロ,古い年式中心の車種,軽自動車,1998,5.0,9.6,latest_available_year<=2022
subaru-vivio-targa-top,スバル,ヴィヴィオタルガトップ,古い年式中心の車種,軽自動車,1995,9.8,14.5,latest_available_year<=2022
subaru-xv-hybrid,スバル,XVハイブリッド,古い年式中心の車種,,2017,133.5,229.5,latest_available_year<=2022
daihatsu-altis,ダイハツ,アルティス,古い年式中心の車種,,2020,28.1,173.0,latest_available_year<=2022
daihatsu-altis-hybrid,ダイハツ,アルティスハイブリッド,古い年式中心の車種,,2017,62.2,124.0,latest_available_year<=2022
daihatsu-atrai-wagon,ダイハツ,アトレーワゴン,古い年式中心の車種,,2022,30.4,123.5,latest_available_year<=2022
daihatsu-atrai7,ダイハツ,アトレー7,古い年式中心の車種,ミニバン,2009,9.3,28.9,latest_available_year<=2022
daihatsu-be-go,ダイハツ,ビーゴ,古い年式中心の車種,,2016,30.4,73.0,latest_available_year<=2022
daihatsu-boon-luminas,ダイハツ,ブーンルミナス,古い年式中心の車種,,2011,15.3,46.0,latest_available_year<=2022
daihatsu-charade,ダイハツ,シャレード,古い年式中心の車種,,1996,20.6,65.0,latest_available_year<=2022
daihatsu-coo,ダイハツ,クー,古い年式中心の車種,,2012,11.1,34.8,latest_available_year<=2022
daihatsu-esse,ダイハツ,エッセ,古い年式中心の車種,軽自動車,2012,11.0,37.5,latest_available_year<=2022
daihatsu-hijet-deck-van,ダイハツ,ハイゼットデッキバン,古い年式中心の車種,商用車,2022,41.4,145.0,latest_available_year<=2022
daihatsu-max,ダイハツ,MAX,古い年式中心の車種,軽自動車,2005,8.7,23.5,latest_available_year<=2022
daihatsu-mebius,ダイハツ,メビウス,古い年式中心の車種,,2019,62.5,149.5,latest_available_year<=2022
daihatsu-mira,ダイハツ,ミラ,古い年式中心の車種,軽自動車,2019,15.1,40.9,latest_available_year<=2022
daihatsu-mira-avi,ダイハツ,ミラアヴィ,古い年式中心の車種,軽自動車,2015,10.5,30.0,latest_available_year<=2022
daihatsu-mira-gino,ダイハツ,ミラジーノ,古い年式中心の車種,軽自動車,2017,18.1,47.6,latest_available_year<=2022
daihatsu-mira-gino-1000,ダイハツ,ミラジーノ1000,古い年式中心の車種,軽自動車,2004,18.1,41.1,latest_available_year<=2022
daihatsu-move-conte,ダイハツ,ムーヴコンテ,古い年式中心の車種,軽自動車,2017,20.9,52.1,latest_available_year<=2022
daihatsu-move-latte,ダイハツ,ムーヴラテ,古い年式中心の車種,軽自動車,2009,9.9,29.0,latest_available_year<=2022
daihatsu-naked,ダイハツ,ネイキッド,古い年式中心の車種,,2013,13.5,40.5,latest_available_year<=2022
daihatsu-opti,ダイハツ,オプティ,古い年式中心の車種,,2002,10.0,37.8,latest_available_year<=2022
daihatsu-sonica,ダイハツ,ソニカ,古い年式中心の車種,軽自動車,2009,15.2,39.4,latest_available_year<=2022
daihatsu-storia,ダイハツ,ストーリア,古い年式中心の車種,,2004,24.2,86.0,latest_available_year<=2022
daihatsu-terios,ダイハツ,テリオス,古い年式中心の車種,,2010,9.9,25.6,latest_available_year<=2022
daihatsu-terios-kid,ダイハツ,テリオスキッド,古い年式中心の車種,,2012,17.4,50.1,latest_available_year<=2022
daihatsu-wake,ダイハツ,ウェイク,古い年式中心の車種,,2022,60.1,149.5,latest_available_year<=2022
daihatsu-yrv,ダイハツ,YRV,古い年式中心の車種,,2009,8.7,29.0,latest_available_year<=2022
toyota-century,トヨタ,センチュリー,古い年式中心の車種,,2016,43.8,312.2,latest_available_year<=2022
toyota-crown-estate,トヨタ,クラウンエステート,古い年式中心の車種,,2011,21.6,206.0,latest_available_year<=2022
toyota-crown-sedan,トヨタ,クラウンセダン,古い年式中心の車種,,2021,21.0,62.9,latest_available_year<=2022
honda-accord,ホンダ,アコード,古い年式中心の車種,,2021,30.7,205.2,latest_available_year<=2022
honda-airwave,ホンダ,エアウェイブ,古い年式中心の車種,,2011,8.8,28.7,latest_available_year<=2022
honda-grace,ホンダ,グレイス,古い年式中心の車種,,2022,70.5,172.5,latest_available_year<=2022
honda-jade,ホンダ,ジェイド,古い年式中心の車種,,2020,113.0,224.0,latest_available_year<=2022
honda-stream,ホンダ,ストリーム,古い年式中心の車種,,2015,18.6,71.4,latest_available_year<=2022
mazda-atenza-sedan,マツダ,アテンザセダン,古い年式中心の車種,,2020,47.8,161.0,latest_available_year<=2022
mazda-atenza-sport,マツダ,アテンザスポーツ,古い年式中心の車種,,2013,16.5,60.9,latest_available_year<=2022
mazda-atenza-sport-wagon,マツダ,アテンザスポーツワゴン,古い年式中心の車種,,2018,18.9,66.5,latest_available_year<=2022
mazda-atenza-wagon,マツダ,アテンザワゴン,古い年式中心の車種,,2019,42.8,176.5,latest_available_year<=2022
mazda-axela-sport,マツダ,アクセラスポーツ,古い年式中心の車種,,2022,50.1,135.4,latest_available_year<=2022
mazda-az-offroad,マツダ,AZ-オフロード,古い年式中心の車種,軽自動車,2014,33.0,89.5,latest_available_year<=2022
mazda-az-wagon,マツダ,AZ-ワゴン,古い年式中心の車種,軽自動車,2015,14.2,41.0,latest_available_year<=2022
mazda-biante,マツダ,ビアンテ,古い年式中心の車種,ミニバン,2019,23.5,95.6,latest_available_year<=2022
mazda-capella,マツダ,カペラ,古い年式中心の車種,,2001,4.5,23.3,latest_available_year<=2022
mazda-capella-wagon,マツダ,カペラワゴン,古い年式中心の車種,,2011,4.5,29.5,latest_available_year<=2022
mazda-carol-eco,マツダ,キャロルエコ,古い年式中心の車種,軽自動車,2015,30.1,67.1,latest_available_year<=2022
mazda-cx-7,マツダ,CX-7,古い年式中心の車種,,2012,33.0,94.6,latest_available_year<=2022
mazda-familia,マツダ,ファミリア,古い年式中心の車種,,2012,35.4,138.5,latest_available_year<=2022
mazda-familia-s-wagon,マツダ,ファミリアS-ワゴン,古い年式中心の車種,,2004,5.0,16.2,latest_available_year<=2022
mazda-familia-sedan,マツダ,ファミリアセダン,古い年式中心の車種,,2004,16.9,93.0,latest_available_year<=2022
mazda-mpv,マツダ,MPV,古い年式中心の車種,ミニバン,2016,17.2,58.5,latest_available_year<=2022
mazda-premacy,マツダ,プレマシー,古い年式中心の車種,,2018,21.1,76.9,latest_available_year<=2022
mazda-scrum-wagon,マツダ,スクラムワゴン,古い年式中心の車種,軽自動車,2022,35.1,116.1,latest_available_year<=2022
mazda-sentia,マツダ,センティア,古い年式中心の車種,,2006,5.2,24.8,latest_available_year<=2022
mazda-spiano,マツダ,スピアーノ,古い年式中心の車種,軽自動車,2017,15.7,40.7,latest_available_year<=2022
mazda-tribute,マツダ,トリビュート,古い年式中心の車種,,2013,9.8,23.4,latest_available_year<=2022
mazda-verisa,マツダ,ベリーサ,古い年式中心の車種,,2015,15.1,45.7,latest_available_year<=2022
mitsubishi-airtrek,三菱,エアトレック,古い年式中心の車種,,2013,11.6,29.8,latest_available_year<=2022
mitsubishi-colt,三菱,コルト,古い年式中心の車種,,2012,20.4,76.5,latest_available_year<=2022
mitsubishi-colt-plus,三菱,コルトプラス,古い年式中心の車種,,2012,12.6,37.3,latest_available_year<=2022
mitsubishi-delica-space-gear,三菱,デリカ スペースギア,古い年式中心の車種,ミニバン,2007,22.1,69.1,latest_available_year<=2022
mitsubishi-delica-van,三菱,デリカバン,古い年式中心の車種,商用車,2019,24.6,76.0,latest_available_year<=2022
mitsubishi-diamante,三菱,ディアマンテ,古い年式中心の車種,,2005,5.1,21.6,latest_available_year<=2022
mitsubishi-dion,三菱,ディオン,古い年式中心の車種,ミニバン,2005,4.4,11.7,latest_available_year<=2022
mitsubishi-galant,三菱,ギャラン,古い年式中心の車種,,2021,18.5,110.5,latest_available_year<=2022
mitsubishi-galant-fortis,三菱,ギャランフォルティス,古い年式中心の車種,,2015,19.9,87.3,latest_available_year<=2022
mitsubishi-galant-fortis-sportback,三菱,ギャランフォルティススポーツバック,古い年式中心の車種,,2015,35.2,103.7,latest_available_year<=2022
mitsubishi-grandis,三菱,グランディス,古い年式中心の車種,ミニバン,2009,12.0,34.6,latest_available_year<=2022
mitsubishi-lancer-cargo,三菱,ランサーカーゴ,古い年式中心の車種,,2019,11.6,38.3,latest_available_year<=2022
mitsubishi-lancer-cedia,三菱,ランサーセディア,古い年式中心の車種,,2009,5.6,32.6,latest_available_year<=2022
mitsubishi-lancer-cedia-wagon,三菱,ランサーセディアワゴン,古い年式中心の車種,,2006,4.3,22.8,latest_available_year<=2022
mitsubishi-lancer-wagon,三菱,ランサーワゴン,古い年式中心の車種,,2007,6.6,21.3,latest_available_year<=2022
mitsubishi-legnum,三菱,レグナム,古い年式中心の車種,,2002,15.5,66.0,latest_available_year<=2022
mitsubishi-minica,三菱,ミニカ,古い年式中心の車種,軽自動車,2011,8.0,25.0,latest_available_year<=2022
mitsubishi-pajero,三菱,パジェロ,古い年式中心の車種,,2019,58.0,250.5,latest_available_year<=2022
mitsubishi-pajero-io,三菱,パジェロイオ,古い年式中心の車種,,2012,13.0,39.6,latest_available_year<=2022
mitsubishi-pajero-junior,三菱,パジェロジュニア,古い年式中心の車種,,2006,10.7,41.8,latest_available_year<=2022
mitsubishi-pajero-mini,三菱,パジェロミニ,古い年式中心の車種,軽自動車,2021,19.0,65.0,latest_available_year<=2022
mitsubishi-proudia,三菱,プラウディア,古い年式中心の車種,,2017,40.0,145.5,latest_available_year<=2022
mitsubishi-town-box,三菱,タウンボックス,古い年式中心の車種,軽自動車,2022,25.6,120.5,latest_available_year<=2022
nissan-bluebird,日産,ブルーバード,古い年式中心の車種,,2001,9.0,52.7,latest_available_year<=2022
nissan-cube,日産,キューブ,古い年式中心の車種,,2022,22.5,71.7,latest_available_year<=2022
nissan-juke,日産,ジューク,古い年式中心の車種,,2020,39.1,117.5,latest_available_year<=2022
nissan-lafesta,日産,ラフェスタ,古い年式中心の車種,ミニバン,2018,9.6,38.5,latest_available_year<=2022
nissan-murano,日産,ムラーノ,古い年式中心の車種,,2021,21.5,65.5,latest_available_year<=2022
nissan-presage,日産,プレサージュ,古い年式中心の車種,ミニバン,2009,10.8,23.9,latest_available_year<=2022
nissan-teana,日産,ティアナ,古い年式中心の車種,,2020,26.1,106.0,latest_available_year<=2022
nissan-tiida,日産,ティーダ,古い年式中心の車種,,2013,10.5,28.0,latest_available_year<=2022
suzuki-alto,スズキ,アルト,通常車種,軽自動車,2025,27.0,99.1,default
suzuki-alto-lapin,スズキ,アルトラパン,通常車種,軽自動車,2025,34.5,132.0,default
suzuki-alto-works,スズキ,アルトワークス,通常車種,軽自動車,2023,18.9,87.6,default
suzuki-every,スズキ,エブリイ,通常車種,商用車,2025,22.6,86.6,default
suzuki-every-wagon,スズキ,エブリイワゴン,通常車種,軽自動車|商用車,2026,41.5,158.3,default
suzuki-hustler,スズキ,ハスラー,通常車種,軽自動車,2026,58.5,162.0,default
suzuki-ignis,スズキ,イグニス,通常車種,,2024,70.1,157.5,default
suzuki-jimny,スズキ,ジムニー,通常車種,軽自動車,2025,66.9,203.5,default
suzuki-jimny-sierra,スズキ,ジムニーシエラ,通常車種,,2025,182.0,266.6,default
suzuki-solio,スズキ,ソリオ,通常車種,ミニバン,2025,50.0,198.0,default
suzuki-solio-bandit,スズキ,ソリオバンディット,通常車種,ミニバン,2025,72.3,191.5,default
suzuki-spacia,スズキ,スペーシア,通常車種,軽自動車,2025,48.6,148.0,default
suzuki-spacia-custom,スズキ,スペーシアカスタム,通常車種,軽自動車,2025,64.9,185.9,default
suzuki-spacia-gear,スズキ,スペーシアギア,通常車種,軽自動車,2025,134.0,178.5,default
suzuki-swift,スズキ,スイフト,通常車種,,2025,57.6,188.9,default
suzuki-wagon-r-custom-z,スズキ,ワゴンRカスタムZ,通常車種,軽自動車,2025,124.0,167.9,default
suzuki-wagon-r-smile,スズキ,ワゴンRスマイル,通常車種,軽自動車,2025,121.5,166.4,default
suzuki-wagon-r-stingray,スズキ,ワゴンRスティングレー,通常車種,軽自動車,2023,24.5,106.5,default
suzuki-xbee,スズキ,クロスビー,通常車種,,2025,132.0,191.0,default
subaru-chiffon,スバル,シフォン,通常車種,軽自動車,2025,87.0,161.0,default
subaru-forester,スバル,フォレスター,通常車種,,2025,64.8,362.5,default
subaru-impreza-g4,スバル,インプレッサG4,通常車種,,2025,42.0,140.5,default
subaru-impreza-sport,スバル,インプレッサスポーツ,通常車種,,2023,49.2,189.5,default
subaru-justy,スバル,ジャスティ,通常車種,,2023,73.1,151.0,default
subaru-legacy-outback,スバル,レガシィアウトバック,通常車種,,2025,49.9,360.7,default
subaru-levorg,スバル,レヴォーグ,通常車種,,2024,119.7,352.5,default
subaru-pleo-plus,スバル,プレオプラス,通常車種,軽自動車,2024,26.4,72.0,default
subaru-rex,スバル,レックス,通常車種,,2025,138.4,227.4,default
subaru-sambar-truck,スバル,サンバートラック,通常車種,商用車,2023,23.7,75.5,default
subaru-sambar-van,スバル,サンバーバン,通常車種,商用車,2024,25.5,86.2,default
subaru-stella,スバル,ステラ,通常車種,軽自動車,2023,27.0,86.2,default
subaru-xv,スバル,XV,通常車種,,2023,122.3,240.5,default
daihatsu-atrai,ダイハツ,アトレー,通常車種,,2025,136.5,174.0,default
daihatsu-atrai-deck-van,ダイハツ,アトレーデッキバン,通常車種,,2024,149.0,182.5,default
daihatsu-boon,ダイハツ,ブーン,通常車種,,2024,47.2,106.5,default
daihatsu-cast,ダイハツ,キャスト,通常車種,軽自動車,2023,58.0,124.7,default
daihatsu-hijet-cargo,ダイハツ,ハイゼットカーゴ,通常車種,商用車,2024,23.7,94.6,default
daihatsu-hijet-truck,ダイハツ,ハイゼットトラック,通常車種,商用車,2026,26.3,119.5,default
daihatsu-mira-cocoa,ダイハツ,ミラココア,通常車種,軽自動車,2023,21.9,73.0,default
daihatsu-mira-es,ダイハツ,ミライース,通常車種,軽自動車,2025,26.4,95.4,default
daihatsu-mira-tocot,ダイハツ,ミラトコット,通常車種,軽自動車,2024,78.7,121.5,default
daihatsu-move,ダイハツ,ムーヴ,通常車種,軽自動車,2023,26.8,103.5,default
daihatsu-move-canbus,ダイハツ,ムーヴキャンバス,通常車種,軽自動車,2025,88.8,170.5,default
daihatsu-move-custom,ダイハツ,ムーヴカスタム,通常車種,軽自動車,2024,30.4,121.5,default
daihatsu-rocky,ダイハツ,ロッキー,通常車種,,2025,159.9,233.8,default
daihatsu-taft,ダイハツ,タフト,通常車種,軽自動車,2025,122.5,164.5,default
daihatsu-tanto,ダイハツ,タント,通常車種,軽自動車,2025,37.5,156.5,default
daihatsu-tanto-custom,ダイハツ,タントカスタム,通常車種,軽自動車,2025,37.4,160.2,default
daihatsu-tanto-exe,ダイハツ,タントエグゼ,通常車種,軽自動車,2024,17.2,42.1,default
daihatsu-thor,ダイハツ,トール,通常車種,ミニバン,2025,80.0,174.5,default
toyota-aqua,トヨタ,アクア,通常車種,,2025,44.0,204.5,default
toyota-corolla,トヨタ,カローラ,通常車種,,2025,102.0,281.2,default
toyota-corolla-sport,トヨタ,カローラスポーツ,通常車種,,2025,158.3,250.3,default
toyota-corolla-touring,トヨタ,カローラツーリング,通常車種,,2025,157.0,267.9,default
toyota-crown,トヨタ,クラウン,通常車種,,2024,85.8,458.3,default
toyota-harrier,トヨタ,ハリアー,通常車種,,2025,176.5,439.0,default
toyota-noah,トヨタ,ノア,通常車種,ミニバン,2026,115.2,390.3,default
toyota-prius,トヨタ,プリウス,通常車種,,2025,68.3,392.0,default
toyota-rav4,トヨタ,RAV4,通常車種,,2025,196.1,406.5,default
toyota-roomy,トヨタ,ルーミー,通常車種,,2025,95.0,191.4,default
toyota-sienta,トヨタ,シエンタ,通常車種,ミニバン,2025,88.3,281.9,default
toyota-voxy,トヨタ,ヴォクシー,通常車種,ミニバン,2026,99.8,399.4,default
toyota-yaris,トヨタ,ヤリス,通常車種,,2025,129.8,217.3,default
toyota-yaris-cross,トヨタ,ヤリスクロス,通常車種,,2026,205.0,306.5,default
honda-civic,ホンダ,シビック,通常車種,,2025,140.7,368.5,default
honda-cr-v,ホンダ,CR-V,通常車種,,2023,183.4,445.6,default
honda-fit,ホンダ,フィット,通常車種,,2025,56.5,185.0,default
honda-freed,ホンダ,フリード,通常車種,ミニバン,2026,110.8,307.6,default
honda-insight,ホンダ,インサイト,通常車種,,2023,30.2,270.0,default
honda-n-box,ホンダ,N-BOX,通常車種,軽自動車,2026,34.9,146.5,default
honda-n-one,ホンダ,N-ONE,通常車種,軽自動車,2025,43.8,171.5,default
honda-n-van,ホンダ,N-VAN,通常車種,軽自動車|商用車,2025,86.3,183.0,default
honda-n-wgn,ホンダ,N-WGN,通常車種,軽自動車,2025,42.1,127.0,default
honda-odyssey,ホンダ,オデッセイ,通常車種,ミニバン,2024,61.0,362.5,default
honda-shuttle,ホンダ,シャトル,通常車種,,2023,74.2,191.5,default
honda-step-wgn,ホンダ,ステップワゴン,通常車種,ミニバン,2025,75.6,378.0,default
honda-vezel,ホンダ,ヴェゼル,通常車種,,2025,145.2,339.0,default
honda-wr-v,ホンダ,WR-V,通常車種,,2025,200.9,236.4,default
mazda-carol,マツダ,キャロル,通常車種,軽自動車,2024,24.5,74.3,default
mazda-cx-3,マツダ,CX-3,通常車種,,2025,114.0,234.0,default
mazda-cx-30,マツダ,CX-30,通常車種,,2025,178.0,264.0,default
mazda-cx-5,マツダ,CX-5,通常車種,,2025,113.2,295.3,default
mazda-demio,マツダ,デミオ,通常車種,,2024,28.9,87.6,default
mazda-familia-van,マツダ,ファミリアバン,通常車種,,2024,23.0,83.5,default
mazda-flare,マツダ,フレア,通常車種,軽自動車,2025,31.1,94.7,default
mazda-flare-crossover,マツダ,フレアクロスオーバー,通常車種,軽自動車,2025,66.5,153.5,default
mazda-flare-wagon,マツダ,フレアワゴン,通常車種,軽自動車,2025,64.8,161.4,default
mazda-mazda2,マツダ,MAZDA2,通常車種,,2025,115.5,177.6,default
mazda-mazda3-fastback,マツダ,MAZDA3 FASTBACK,通常車種,,2025,170.4,251.5,default
mazda-mazda3-sedan,マツダ,MAZDA3 SEDAN,通常車種,,2025,152.5,230.5,default
mazda-mazda6-sedan,マツダ,MAZDA6セダン,通常車種,,2024,174.7,300.5,default
mazda-mazda6-wagon,マツダ,MAZDA6ワゴン,通常車種,,2023,203.5,302.6,default
mazda-mx-30,マツダ,MX-30,通常車種,EV・FCV,2024,177.3,280.5,default
mazda-mx-30-rotary-ev,マツダ,MX-30ロータリーEV,通常車種,EV・FCV,2024,205.8,318.5,default
mazda-scrum-truck,マツダ,スクラムトラック,通常車種,商用車,2024,26.6,112.0,default
mazda-scrum-van,マツダ,スクラムバン,通常車種,商用車,2025,22.6,69.0,default
mitsubishi-delica-d5,三菱,デリカD:5,通常車種,ミニバン,2025,75.8,439.2,default
mitsubishi-delica-mini,三菱,デリカミニ,通常車種,軽自動車,2025,177.7,243.9,default
mitsubishi-eclipse-cross,三菱,エクリプス クロス,通常車種,,2025,216.1,345.5,default
mitsubishi-ek-cross,三菱,eKクロス,通常車種,軽自動車,2025,93.5,150.0,default
mitsubishi-ek-cross-ev,三菱,eKクロス EV,通常車種,軽自動車|EV・FCV,2024,108.1,182.9,default
mitsubishi-ek-wagon,三菱,eKワゴン,通常車種,軽自動車,2024,26.4,84.0,default
mitsubishi-mini-cab-truck,三菱,ミニキャブトラック,通常車種,商用車,2024,22.0,65.9,default
mitsubishi-mirage,三菱,ミラージュ,通常車種,,2023,27.5,88.3,default
mitsubishi-outlander-phev,三菱,アウトランダーPHEV,通常車種,EV・FCV,2024,119.3,302.0,default
mitsubishi-triton,三菱,トライトン,通常車種,,2025,84.0,423.3,default
nissan-caravan,日産,キャラバン,通常車種,商用車,2025,31.0,325.0,default
nissan-dayz,日産,デイズ,通常車種,軽自動車,2025,40.0,128.7,default
nissan-elgrand,日産,エルグランド,通常車種,ミニバン,2024,50.0,293.2,default
nissan-fuga,日産,フーガ,通常車種,,2024,29.5,162.0,default
nissan-kicks,日産,キックス,通常車種,,2025,150.6,283.1,default
nissan-leaf,日産,リーフ,通常車種,EV・FCV,2025,78.2,229.0,default
nissan-march,日産,マーチ,通常車種,,2023,30.6,103.0,default
nissan-note,日産,ノート,通常車種,,2025,43.0,161.3,default
nissan-note-aura,日産,ノートオーラ,通常車種,,2025,203.0,303.7,default
nissan-nv200-vanette,日産,NV200バネット,通常車種,商用車,2025,77.7,210.3,default
nissan-roox,日産,ルークス,通常車種,軽自動車,2025,74.9,167.5,default
nissan-sakura,日産,サクラ,通常車種,軽自動車|EV・FCV,2025,118.2,187.5,default
nissan-serena,日産,セレナ,通常車種,ミニバン,2025,47.1,306.5,default
nissan-skyline,日産,スカイライン,通常車種,,2024,67.2,381.2,default
nissan-x-trail,日産,エクストレイル,通常車種,,2025,60.5,294.5,default
suzuki-fronx,スズキ,フロンクス,高額・スポーツ系車種,,2025,229.2,264.0,overall_price_median>=220
suzuki-jimny-nomade,スズキ,ジムニーノマド,高額・スポーツ系車種,,2026,292.0,361.4,overall_price_median>=220
subaru-brz,スバル,BRZ,高額・スポーツ系車種,,2025,142.0,320.5,sports_or_premium_list
subaru-crosstrek,スバル,クロストレック,高額・スポーツ系車種,,2025,245.0,306.5,overall_price_median>=220
subaru-impreza-coupe,スバル,インプレッサクーペ,高額・スポーツ系車種,,2000,150.5,700.0,high_price>=500
subaru-impreza-wrx,スバル,インプレッサWRX,高額・スポーツ系車種,,2016,102.3,283.4,sports_or_premium_list
subaru-levorg-layback,スバル,レヴォーグレイバック,高額・スポーツ系車種,,2025,300.5,349.5,overall_price_median>=220
subaru-solterra,スバル,ソルテラ,高額・スポーツ系車種,EV・FCV,2023,309.8,395.0,overall_price_median>=220
daihatsu-copen,ダイハツ,コペン,高額・スポーツ系車種,軽自動車,2025,76.0,211.0,sports_or_premium_list
toyota-alphard,トヨタ,アルファード,高額・スポーツ系車種,ミニバン,2026,219.4,801.8,high_price>=500
toyota-bz4x,トヨタ,bZ4X,高額・スポーツ系車種,EV・FCV,2025,244.4,407.2,overall_price_median>=220
toyota-corolla-cross,トヨタ,カローラクロス,高額・スポーツ系車種,,2025,261.6,354.1,overall_price_median>=220
toyota-crown-sport,トヨタ,クラウンスポーツ,高額・スポーツ系車種,,2025,520.8,642.5,overall_price_median>=220 / high_price>=500
toyota-gr-corolla,トヨタ,GRカローラ,高額・スポーツ系車種,,2025,506.5,715.0,sports_or_premium_list / overall_price_median>=220 / high_price>=500
toyota-gr-yaris,トヨタ,GRヤリス,高額・スポーツ系車種,,2025,340.6,484.2,sports_or_premium_list / overall_price_median>=220
toyota-gr86,トヨタ,GR86,高額・スポーツ系車種,,2025,271.4,344.5,sports_or_premium_list / overall_price_median>=220
toyota-land-cruiser-250,トヨタ,ランドクルーザー250,高額・スポーツ系車種,,2026,652.5,903.8,overall_price_median>=220 / high_price>=500
toyota-land-cruiser-300,トヨタ,ランドクルーザー300,高額・スポーツ系車種,,2025,900.5,1233.0,overall_price_median>=220 / high_price>=500
toyota-land-cruiser-70,トヨタ,ランドクルーザー70,高額・スポーツ系車種,,2025,257.8,804.0,overall_price_median>=220 / high_price>=500
toyota-mirai,トヨタ,MIRAI,高額・スポーツ系車種,EV・FCV,2024,252.4,487.5,overall_price_median>=220
toyota-supra,トヨタ,スープラ,高額・スポーツ系車種,,2025,423.8,776.0,sports_or_premium_list / overall_price_median>=220 / high_price>=500
toyota-vellfire,トヨタ,ヴェルファイア,高額・スポーツ系車種,ミニバン,2025,192.5,818.0,high_price>=500
honda-beat,ホンダ,ビート,高額・スポーツ系車種,軽自動車,1995,30.4,85.0,sports_or_premium_list
honda-civic-type-r,ホンダ,シビックタイプR,高額・スポーツ系車種,,2025,130.0,542.0,sports_or_premium_list / high_price>=500
honda-cr-x,ホンダ,CR-X,高額・スポーツ系車種,,2018,65.3,204.1,sports_or_premium_list
honda-integra,ホンダ,インテグラ,高額・スポーツ系車種,,2006,22.6,87.0,sports_or_premium_list
honda-nsx,ホンダ,NSX,高額・スポーツ系車種,,2020,1080.5,2701.0,sports_or_premium_list / overall_price_median>=220 / high_price>=500
honda-prelude,ホンダ,プレリュード,高額・スポーツ系車種,,2009,24.5,133.0,sports_or_premium_list
honda-s2000,ホンダ,S2000,高額・スポーツ系車種,,2010,257.5,495.0,sports_or_premium_list / overall_price_median>=220
honda-s660,ホンダ,S660,高額・スポーツ系車種,軽自動車,2022,166.0,327.5,sports_or_premium_list
honda-zr-v,ホンダ,ZR-V,高額・スポーツ系車種,,2025,283.2,356.9,overall_price_median>=220
mazda-cx-60,マツダ,CX-60,高額・スポーツ系車種,,2025,316.5,438.0,overall_price_median>=220
mazda-cx-80,マツダ,CX-80,高額・スポーツ系車種,,2025,395.5,486.5,overall_price_median>=220
mazda-roadster,マツダ,ロードスター,高額・スポーツ系車種,,2025,121.2,295.0,sports_or_premium_list
mazda-roadster-rf,マツダ,ロードスターRF,高額・スポーツ系車種,,2023,225.5,330.4,sports_or_premium_list / overall_price_median>=220
mazda-rx-7,マツダ,RX-7,高額・スポーツ系車種,,2012,194.0,545.0,sports_or_premium_list / high_price>=500
mazda-rx-8,マツダ,RX-8,高額・スポーツ系車種,,2013,36.0,187.0,sports_or_premium_list
mazda-savanna-rx-7,マツダ,サバンナRX-7,高額・スポーツ系車種,,1990,163.5,193.7,sports_or_premium_list
mitsubishi-lancer-evolution,三菱,ランサーエボリューション,高額・スポーツ系車種,,2019,182.0,435.5,sports_or_premium_list
mitsubishi-lancer-evolution-wagon,三菱,ランサーエボリューションワゴン,高額・スポーツ系車種,,2009,103.5,240.5,sports_or_premium_list
nissan-ariya,日産,アリア,高額・スポーツ系車種,EV・FCV,2024,382.2,631.5,overall_price_median>=220 / high_price>=500
nissan-fairlady-z,日産,フェアレディZ,高額・スポーツ系車種,,2025,104.0,560.5,sports_or_premium_list / high_price>=500
nissan-gt-r,日産,GT-R,高額・スポーツ系車種,,2025,762.8,2139.5,sports_or_premium_list / overall_price_median>=220 / high_price>=500
nissan-silvia,日産,シルビア,高額・スポーツ系車種,,2003,122.5,341.5,sports_or_premium_list
